{
	"Kernel size": 35
	"Weights": [0.108550, 0.131350, 0.104056, 0.072160, 0.043803, 0.023276, 0.010826, 0.004408, 0.001571]
	"Offsets": [0.662928, 2.479039, 4.462319, 6.445684, 8.429169, 10.412811, 12.396643, 14.380697, 16.365005]
}